tempo,danceability,energy,loudness,acousticness,duration_ms,speechiness,popularity
148.24075643738882,0.6369665971397944,0.7316552201645166,-51.77341765626006,0.11493299705956683,177606,0.352192730786078,34.83032431654654
88.08981408982322,0.5679831276118801,0.766804980282273,-23.790740004212708,0.2884054378187457,295342,0.6154300408208733,25.401367336218893
103.29833121584335,0.3052918237724697,0.32376218501005916,-4.377927312221601,0.6637896861755891,240102,0.11412473585211369,8.938207096555093
132.8157901374185,0.43344942018380095,0.9102484966145412,-23.099221917668004,0.6079052140907037,181279,0.5852823922450741,32.42414928369827
81.15147909038046,0.2985999142658599,0.4599183189319091,-25.05464050756521,0.6037954529493877,273749,0.32641682929811905,13.003885936757687
87.07940016415355,0.2938106599154485,0.8370318022517889,-23.341140668940497,0.4622955610006072,296110,0.47181394334115484,23.420916628789808
122.50837052545184,0.306777330039983,0.9553485723705828,-15.749498432459582,0.5720486433693008,189121,0.08204273397616339,38.022033843362586
130.49109007978103,0.31455916000599315,0.5865338044205302,-23.086833706139345,0.2999191115069847,221354,0.20243121240716488,27.235516228184725
140.62768883714952,0.5167076612928854,0.8034412447905845,-23.887104621820676,0.059524700347771686,246566,0.617791913740643,39.67227379069973
89.58922938669463,0.5581742094809663,0.3567323511353535,-20.10529653076692,0.5597556836383826,286865,0.4907977160922315,16.755218328171058
136.24151671161422,0.3697293525443108,0.6466025689097821,-50.85503920017496,0.7314964903403623,283296,0.17717107742572613,6.659186451232131
119.55362437620651,0.7598986791631206,0.4038402406734622,-38.670419373518556,0.4585230088818907,275555,0.5446176702012572,19.40397405355017
83.25830418551762,0.4932478146531835,0.7552279804428558,-20.61128356010984,0.3838388830449795,278389,0.5624763616238223,30.034166674081025
142.81407691144108,0.5280852118564792,0.6319499516602246,-44.59340593676952,0.26015779096205116,227949,0.007992588417851542,21.582198494430255
156.97380387796335,0.4020856157394899,0.9995896080394666,-25.68766372636881,0.620660479824584,215458,0.21894459244724782,27.59598037157449
107.03961254812286,0.5799071103433173,0.7917254793808728,-5.894280471874588,0.3618530932051387,173091,0.04041251145758204,52.17223104575947
157.33238552349357,0.5804870027797919,0.3227683256438763,-44.41120747529794,0.8313735143857098,266895,0.27491152028999133,0.38940513820370365
81.9452773145163,0.7716196076301038,0.63124693468409,-48.3226492907541,0.18533017952871444,179336,0.5525049938237799,23.558597767800773
94.92560471088287,0.39381435370304263,0.9142226038412662,-20.289648609037286,0.615298025069802,157016,0.4732184016367832,25.93271004388144
82.75108168921747,0.36004996385242394,0.523126752052449,-25.961266822265785,0.5233909113743664,291958,0.0922005200053655,13.34785224475693
132.60903138402747,0.8568383197747265,0.9656044935752872,-51.46503787876823,0.7036859774607958,165193,0.1116445837789508,36.995977904784425
135.2750190481973,0.27842723151763665,0.8458917766058005,-55.14484301692487,0.27927608845441043,152257,0.666043497123751,19.11582462504565
123.93813317648963,0.7619974140186079,0.4729722638071025,-47.658764268266694,0.9076110025565549,209234,0.5064105636484384,0.9456522975255243
119.15622082220504,0.721807631929031,0.7760985402322103,-38.39181555170886,0.8259782127080818,248826,0.3040823233046268,16.499987435302778
120.21096744841537,0.7702023041619674,0.4609682241237603,-22.56624982250169,0.04814283597835345,264397,0.17496986247833485,46.821797025222786
111.44781797334083,0.756687118301923,0.491950641644069,-0.1981887688213959,0.5983574842977588,153866,0.4795940169121388,20.77700408314463
106.29316362959328,0.8639173148735098,0.38547693980701875,-24.41733994879295,0.03899601257491159,157812,0.48624867122560944,34.90147726120194
151.88433508216633,0.294090273857282,0.5265271534046788,-29.631488229585354,0.04202467517140529,176672,0.4545256272038171,27.227236142318034
145.44118127379943,0.5237743012932035,0.3608907319379871,-47.94397868045661,0.6346712732539415,212551,0.10838002881840389,0.6361912740198286
99.8184791600926,0.516552558622865,0.6487370015171973,-42.43067779794212,0.051135381442100725,213761,0.12840953748240416,27.817838358086146
93.64192989498332,0.8998023713002914,0.7173889149374371,-23.3799730013449,0.5653302545716099,231442,0.5719896994109096,33.17487932912473
144.64963036515337,0.2572313223642103,0.6758820960253895,-40.539974813077464,0.8939897100078704,224763,0.1871814195002789,1.0247110929595844
80.9723579751853,0.6645698157538537,0.6969113826906674,-58.54849416651869,0.2277497361032096,286213,0.533611837150672,35.26586534536305
144.80907157433447,0.7925166042141627,0.9020856780324431,-12.899007369776584,0.38451132764481255,227240,0.013390276506100906,51.94648703647901
156.9957835953689,0.21404983844440847,0.8772766761476043,-27.602572183166423,0.8190635138616561,182441,0.2793247223497043,10.643951502777854
95.67862899353162,0.22014787341933728,0.5813516395264695,-35.33829181159771,0.4117655415845085,227064,0.03628505938381031,13.921801537844733
152.03344457306645,0.5553272650791186,0.5421181398670697,-36.080218333661215,0.670732311905834,240887,0.18819746006753546,18.18447642475758
116.48559873736288,0.7868300932977965,0.9609865423794037,-30.847694448820462,0.4187933190741614,169337,0.5872981294026075,44.74846905426777
121.98051453057903,0.767387331547283,0.6975616613868406,-6.118167063000783,0.8998333456872725,271668,0.34738112701765306,32.046453416107724
139.26148942033635,0.5989227794099216,0.3507128214561912,-40.519444386596405,0.6313075530919887,224707,0.0013944946533491875,8.714220672474363
91.27393799798101,0.4745708315698126,0.4671440020378116,-19.947006042511774,0.2013637821359744,191869,0.04784724021697103,23.41775033677504
80.4049267076975,0.3782484583346347,0.4915386663971661,-22.824722706130224,0.29221823046189777,283172,0.31074361815446444,22.451575380968595
121.8478275336119,0.6177899942418225,0.6049083203690531,-9.483985992491483,0.7942106625494054,252842,0.6934754099460361,22.01772059341224
141.67737439636488,0.8277518869342082,0.46146886820243105,-16.53967097227553,0.28713795808457554,288262,0.29591004582575253,38.94956824348203
105.35376041250221,0.43443393025996024,0.3876300545417853,-45.527912544027515,0.8292867993167555,256984,0.5865358623962624,0.0
135.76125927962144,0.7337210800184832,0.5747454894846793,-15.758575356732024,0.5916971623063255,211215,0.5031177324974712,22.316150077627256
109.30894746349534,0.7894832461949961,0.9797407716157573,-53.91475029304701,0.05225787928602377,268325,0.01763538977146055,48.59540341314596
87.4939814262474,0.24654738715674426,0.6026343607298212,-41.803491145944264,0.09653447019544081,169611,0.049344361950201254,21.513202059881127
159.20430800834106,0.41820544745688376,0.8582913704460318,-9.338575035623045,0.6019234310151316,199067,0.48576471335710975,34.67232096374705
115.32244010987016,0.38807415156946223,0.30345798665408674,-24.707863983096573,0.11613896020052561,294941,0.06186946288916309,18.4053988958338
92.47956162689621,0.3138318575414239,0.7611483566975021,-36.07063314618597,0.7593982624179637,198456,0.6031836326511416,14.526831755621616
144.29376615192916,0.24275457189840463,0.3640407861784284,-0.35163832672994744,0.440323418368349,196154,0.17562513198377172,27.751489169279537
133.00178274831856,0.4507139026229883,0.7311042317276132,-30.987261196804518,0.7228143032084837,290836,0.21685150144636944,20.2541286611819
104.33937943676301,0.4635243568146347,0.4264027415891335,-21.15151715072382,0.3473433262588427,218026,0.6629634669759633,24.4682308468229
139.68359034123387,0.3717443767769247,0.3746151212155935,-9.611862861862967,0.6234059581594401,175711,0.5486167757526654,6.316947991837099
126.86204650187706,0.5304468615769995,0.5952046488114188,-32.367630163551596,0.06644384435577488,299092,0.32496696381745743,32.00046641148407
127.89267873576293,0.7696565137948641,0.8125574204866928,-39.525130342430614,0.2495461998495061,191862,0.48621679907729976,40.5112495751895
131.97063192377718,0.2870080564398813,0.7581578499967947,-0.9792644841951841,0.872753839566128,246664,0.45862160016703657,23.365428058650796
151.64185827969604,0.8248701977538824,0.6322416130248697,-47.85116639008575,0.6057792494526903,184540,0.2679591351054715,30.641336264552287
111.09418317515856,0.6928558376694565,0.911573979930437,-38.79471724183691,0.062273105881885615,198511,0.21474361966549882,42.30253281007316
103.18011623310144,0.22751849788876927,0.8710831874934324,-7.195254746312507,0.14071152804875842,234227,0.41933121100526705,47.21566339825029
92.51496341368689,0.23833314717542195,0.3571409874214127,-22.52018586874417,0.42182817853883137,262911,0.17729066846590055,9.220872652011543
108.0732010041663,0.6434347538783031,0.7473839564708502,-21.46046844568636,0.3139667173773528,250772,0.25784304965604593,42.301188163707856
83.71603301759981,0.8053056633785372,0.8802408319054742,-27.650323399484733,0.6541746014740745,293016,0.16448138349716693,42.80173443904638
145.7488047432285,0.8400091645923493,0.7932765339156527,-10.497035389196277,0.3403871042545057,160775,0.46679317391396064,51.561968166569535
157.5903061366111,0.8557808175273305,0.8169144464759286,-10.098177379453595,0.9640288471655137,178884,0.027256611681365926,32.68798053386999
95.97390257266878,0.4903736516363656,0.9034298556925193,-42.907625882284634,0.7308209649807298,150276,0.49258984574033565,20.088269137756217
149.2940916619948,0.7757760700462182,0.8944369560957235,-27.983847196387295,0.7767105569551812,232035,0.5649496327066921,30.501097959599488
152.5083508075789,0.8400883621474717,0.6994268226471807,-15.860213145648608,0.34727703903050755,225715,0.5646655371187714,40.4209429372946
98.3038532393298,0.5523920895983998,0.7872144326376544,-45.97727508537402,0.2769044873778089,196101,0.20810355321513352,21.01156213758142
87.81376912051071,0.3731436712202384,0.807336740070133,-19.13292876210103,0.15124682873493456,272225,0.6038483298044253,38.15540699717523
140.92956922629742,0.45415760747904454,0.91660953143925,-41.66854136051859,0.3479414115821666,204040,0.42930417942116533,31.686285435142704
151.22110271127332,0.7733716223719398,0.6140855358357714,-16.2295062808562,0.37532990791960186,292228,0.36937422635518646,32.80908089084567
151.40471987919824,0.764340895855143,0.48592002981209426,-26.532994957798508,0.08346408498938329,239678,0.49464090891509666,39.486486757466935
130.6723005208339,0.8115050368747441,0.7150579543891922,-40.01988521650813,0.6542925523249619,293309,0.010577478950132523,37.6135453088916
93.94931432039931,0.8876650318360244,0.6779897658010988,-41.719251654117556,0.83704112524294,188342,0.056804424975367404,28.943183880750954
134.64054187330856,0.48611391976866747,0.6445944995136244,-9.557818319328,0.42993107739014813,190695,0.5262228946770883,36.464569864109656
89.07788169924713,0.38053197893145785,0.5393105162270803,-1.4633879484051064,0.21264437637109612,179320,0.38097777627958834,31.431275145762406
102.78723955019741,0.2838334922734759,0.4869197891185949,-54.65253407303901,0.47116789893281463,173478,0.6839048681072604,0.0
85.54890407001324,0.8622808234935428,0.4662803274467143,-16.441205400882268,0.729173487549448,216732,0.04652432804339048,26.07677771747705
159.24041136005388,0.7055868522989615,0.46523532434252474,-54.04931402476704,0.37455288702012135,195740,0.44267392702987113,16.758851262960384
107.93676596901287,0.6274340297091427,0.9100757643066633,-55.90966143687039,0.4470555438064254,212491,0.46652413326878495,30.934532567566837
105.60396808244894,0.4949971854147486,0.7646631693352635,-15.255973036126072,0.6771206397350094,193361,0.4873093015965476,14.65441985806121
120.12130357497597,0.30494219914414167,0.37345112489272236,-41.075586255119234,0.6006510665483559,256956,0.24798992905205094,0.0
88.89579858449211,0.4931393674244512,0.3212709417877858,-0.09914931642302349,0.580467600993696,261435,0.6006162897050604,5.416920902220154
100.14258366602914,0.4254554159082248,0.5434664455315351,-9.478002337414722,0.5407937549855444,212368,0.5878611246650987,21.84557694448631
110.88821102406195,0.5917482319157525,0.39209737958908186,-3.756716010172866,0.04373907230894736,234289,0.003719432967842162,43.87870127484278
144.17575846032318,0.5062324454166103,0.37733187919197625,-54.26788116991991,0.2586208348880388,182955,0.548631889738875,11.607288315875238
123.89870314932689,0.7321595019227805,0.598326911565181,-50.87850881228111,0.7539619035967839,170132,0.2107322544840191,8.563305008231314
83.26201132438112,0.3305969168359141,0.3044701102017835,-53.01801612687144,0.676177562075434,216914,0.1895644296258808,0.0
95.0496927779009,0.6131614668083609,0.3512371466379105,-51.87875506333887,0.3865405068230279,227603,0.4546562507952131,16.131515399128162
105.51805042350091,0.30930681815633326,0.909524930890758,-27.4657676704891,0.2753811742554185,278498,0.36260564648323734,35.943082096606794
88.24990950687462,0.3455203786022191,0.4169293355306649,-26.746409152079003,0.34060416658129167,268474,0.6354869597184738,12.703412937142028
149.3657854864083,0.2892420636323877,0.8458956922253449,-6.474918663585939,0.4876670686212644,263688,0.11602372387565449,29.720421991563256
86.15839278630344,0.6832763800405557,0.40772713443789854,-27.599285123729366,0.9835214727152221,271534,0.0644468902577328,0.0
157.08959816714022,0.8345304776751827,0.9445934934709808,-14.382610612671897,0.5989785081772105,154426,0.38735983282484027,38.376121130444275
82.95095578836262,0.8233690965179263,0.9150409904486105,-14.683774770191526,0.8216368977104717,277881,0.07132517061105575,32.15341826440432
140.8628038893518,0.3273160590794014,0.7254157564152013,-52.296342632752484,0.2037664591276891,274184,0.5165194893842243,30.675117057801298
91.59158976729785,0.6107887826146154,0.7882300231684984,-44.21324580534943,0.7120140203307808,179796,0.18109814950880865,18.4183841420294
152.4280513564851,0.3273496913466898,0.9363227644659486,-50.111111056233774,0.5586423964504253,231050,0.5409667013032361,21.350285125904566
149.4879302551568,0.4079852009362225,0.5848355725060094,-38.265873500862696,0.03945953289089932,251754,0.010067012250459516,40.13466336292127
85.08466802288189,0.43012612720125576,0.9153828152935153,-30.193988468449838,0.9092202058615602,203117,0.1934233759260975,7.647270633582245
154.26548500701801,0.829702201292198,0.7383542251419908,-31.119350901880583,0.5214456890435895,202870,0.6134236031996181,32.1314653707165
146.82419964713904,0.30700139742903243,0.8725769168833435,-8.914502535294254,0.9791049380151545,195968,0.009621887807941674,27.838561542600715
122.86197472598067,0.3660587542151961,0.8204557794041254,-30.182191025650184,0.8414475530847599,216852,0.6142290326581373,10.604914244519666
142.3900436686099,0.5367980712983722,0.39106036809144235,-27.028227846298982,0.38040054897040965,212261,0.17386852612024525,23.079992774470206
151.36372441416907,0.34113912403342117,0.9887843535718797,-11.161783829638871,0.2972378077086172,278681,0.07730230438777186,52.251512859420465
136.54858750780937,0.8036545961227215,0.9914056728152221,-46.99561199455346,0.8795818549515292,293521,0.6611140078860124,29.80756089557419
157.54420284952792,0.5474563730408655,0.8584695542010441,-7.6361849709238925,0.1248208139668483,284345,0.4066652659217255,53.21151798259075
155.2184193139966,0.5953887932838315,0.49377945806453605,-9.480086826596306,0.5339674725477638,289227,0.5059164265671632,31.608016369123042
103.55591136556686,0.2818286284958549,0.8575761036833234,-27.8813921128445,0.0938572848233562,178151,0.13570414755582486,29.60053561496449
123.14737935325206,0.7237817832685609,0.3906604448979629,-16.16096938564523,0.8824163684073387,262056,0.42700519195563996,3.458862949236205
115.11771365645089,0.8893888392736342,0.3560803924692726,-20.381836817919712,0.5074119387178089,281564,0.29349016281621537,26.903526961691863
86.82779719950145,0.8457495668241068,0.7945330085408308,-59.27349148590675,0.3388606493387516,194605,0.08077624952524215,29.93720663780728
124.54410099666802,0.7558176324892072,0.6012141264296238,-11.907773287020625,0.5717723520483222,242769,0.5238490975660178,26.533846645204278
85.64549979203439,0.34359774833740503,0.640668258997292,-4.864407981626734,0.7239730554660938,227960,0.26077329163168556,20.518756567839738
140.3634299267746,0.2598559715981277,0.794744051819812,-12.972492930876165,0.6369023174547432,293674,0.29739559000766086,20.37910922141296
99.51917147032668,0.7892801437307904,0.7469681633648598,-56.26249211219624,0.46876796546450583,152745,0.6171834282904556,8.918279066123713
93.03475416651438,0.8286380026084996,0.8076803622905955,-9.20913967858332,0.873698593466345,237893,0.24536437400031325,41.563843417888734
95.61943902384355,0.45118133888645173,0.7561667777631195,-52.15737739558803,0.6678046832264065,243574,0.24982018261977712,15.75025016232338
130.3154277423907,0.2137973764280549,0.9785886256347012,-21.822518761245114,0.9166352358412073,258125,0.6232866620535299,12.164504897173162
120.90739190887503,0.7581067560456876,0.6363548630804803,-12.785796824682294,0.9505310525862035,246762,0.16907578919117722,23.419629101172195
104.36910153386965,0.794753173474188,0.5379124746376462,-49.13103902791918,0.11409578488793337,227842,0.5029177631257851,23.914610989337383
138.07645430961915,0.40204138726817906,0.9814422784241779,-58.45128558303078,0.4603582712019263,208283,0.5511709187266329,24.3886842563572
157.74256661767686,0.46409891417323584,0.7146854492616623,-4.37994192454228,0.858177053157164,279714,0.6703067105586721,24.2318532761862
155.317184702122,0.4805341426127282,0.8131791156906967,-0.9198156285295056,0.5771998867345508,286039,0.33879255772582295,37.05100590521739
81.2365293223094,0.3625488866027721,0.8327167936600992,-35.03076010921431,0.8556960938375394,196607,0.6587845687735714,10.383220573517054
86.50790245135198,0.6035615328599775,0.7714027033274421,-55.37650325194013,0.1541450431784871,297745,0.628543430870366,30.423316130940204
117.24784145059681,0.6083742563362844,0.3615065494013833,-21.799819069967562,0.9715326909010507,230360,0.43141034014800683,6.883296241814129
106.02642646106115,0.6342166859474252,0.739253824252859,-5.9986125961193295,0.5454318694069055,204189,0.20134291033057472,32.60527090221229
92.89770298032036,0.7595872792363298,0.45710840028566246,-20.94735785716835,0.20201566840248997,221126,0.4365541448031863,30.282402020493144
117.77719401295595,0.30633188545860607,0.4621701909684104,-16.944134060509427,0.38042000750756233,296664,0.6794735817868208,11.402036800284879
85.82104050913549,0.21287347358322672,0.5155509591138336,-43.81075679230714,0.3855119047369223,169991,0.027285524462791286,12.709891383254929
84.64668897345595,0.8376490291456897,0.7845935951624967,-25.189657846360063,0.44973984245054,250167,0.19185011253953368,35.24321312735241
111.05359409652175,0.7428693316865074,0.9386543419316837,-13.413153210016524,0.011706610730904066,258714,0.49613595866040794,49.634825555724746
130.8074920694115,0.2597447676550507,0.542154494782874,-52.709917421944915,0.6786699566725648,226253,0.26282824992655024,0.0
117.93390632698602,0.6064118451946304,0.35053888628542307,-4.3149815804370135,0.12102500048519305,184064,0.04688152841769006,35.868561408820085
99.01100351939198,0.6521420689321209,0.9102904694216623,-36.181108975543,0.45035097890541265,225357,0.4463817728271548,23.17010450835478
152.6612708773323,0.2608442016611966,0.7958540837005244,-57.830377168514275,0.33520804737087273,248538,0.6401840646939913,6.2317296005789
110.93882770404299,0.47849891933201916,0.3748864471788709,-35.821189274090315,0.6428819100587077,177364,0.5869442836901173,3.559171575724559
142.11303685935974,0.4780284707329184,0.6638417639892124,-47.75786192226607,0.14259414408190874,216641,0.5014779783706692,28.329456008235955
100.63533021721244,0.85056319238931,0.37175680959347546,-52.04851963548909,0.653162790531283,268581,0.5200170455675572,5.051428780628517
86.68005733589351,0.6181891715192158,0.778273619802752,-33.95883802956749,0.34244797883471334,235076,0.06644255577516879,36.210089659165
81.64675954366419,0.6293906371550528,0.45484660927372156,-11.220855677034393,0.03361360018328263,296144,0.23492731798888988,39.06958043683018
89.45318620973251,0.36175235761165,0.4144667108095159,-18.66688187699456,0.8224223736682784,159171,0.1189167042355147,9.77991908023391
120.68565529317623,0.26209177362993896,0.949426598236649,-38.70022165008376,0.6958991181688025,254859,0.6779761321899245,24.736270086090148
129.86385014620464,0.8860228026998338,0.36258770161858167,-36.54564024566912,0.06520459126049205,298694,0.0709610282872114,29.687586834525504
134.73864212097254,0.5153808947170655,0.34574943855925966,-49.11369913826238,0.2253169299512351,160503,0.12547892833545302,17.102081851250407
146.87840964097649,0.8089274534434898,0.61662279916281,-55.06969995141436,0.9928168389990704,258042,0.3319785146838675,6.598925774226408
94.92148083198833,0.312476961281689,0.6552274136325853,-4.164287121365021,0.12626474156450274,204575,0.1500845380952152,37.50448221492516
157.0578031552489,0.5332352815393697,0.8476698388407913,-58.428197488076115,0.5430245839576632,276479,0.43662015940480636,25.331671349803987
141.59948424788888,0.8524827977385288,0.4172378075813488,-17.020596716239062,0.21906880910185778,234703,0.6093688763885688,33.56572881511295
122.21608872690399,0.2218281945428993,0.528923213094267,-42.07646558467361,0.5333866287653626,165088,0.39437674549884805,7.014868931116164
150.96691394120938,0.3080539006919416,0.8247562822200472,-2.2130933046495684,0.5466482201877885,197591,0.44117305361931053,28.730128850895348
97.26568219974746,0.5955932285124462,0.37319748823408017,-55.674939840079595,0.03672136250082114,278557,0.44199324485286345,19.763585142459927
103.45686173584517,0.40612603167934236,0.32754047846795675,-6.828253172095529,0.3842067129858002,254601,0.13364860955015045,19.64828461474174
128.76514671839175,0.615514717487834,0.8581982151248497,-52.33719098188591,0.4592651971732139,221854,0.005823959559034408,32.26247244097116
109.76144686342266,0.7811539051968941,0.41883053356127853,-11.995741878050431,0.43052933846220753,286028,0.33174485408127186,30.41963752379341
120.21432185830892,0.6753716234011427,0.7609162842608979,-10.435942184848294,0.3577982653254418,244230,0.30350795484283,48.62596257213299
140.27025482071534,0.8300130492936735,0.8866807027536772,-51.15284839762296,0.19462383670487193,184148,0.4036916792004294,42.146552912492574
123.41157077660613,0.4805959917345479,0.5454388518464265,-23.163984914396295,0.33134700710305076,186081,0.3898149102204671,21.98222067134936
88.80415396221414,0.5391660896337149,0.8666612523074146,-2.5424829296771847,0.4177609792750997,200961,0.606266943528184,34.493521359995896
95.66329078314371,0.8032499347094622,0.42577817620916936,-52.096273592726284,0.34316735317265823,233596,0.3838934140954938,8.437772440095365
121.81862635055953,0.667290416964719,0.45434034634912274,-43.55036000641165,0.5775933658811575,271929,0.27832866498700937,14.53874603072406
104.07026478534158,0.42924814652454024,0.6960123747970537,-22.584858719834415,0.3143501131837484,194760,0.47072234861752016,26.370887202462924
94.16885435256391,0.4638611005974353,0.42986786099218477,-35.15221484826438,0.2395101699095381,205350,0.6396519107112815,11.852182638183182
109.94166366048962,0.655994271846305,0.7708214827575883,-12.906181373311945,0.76190181260487,157415,0.6306726269833275,21.299750132474976
114.20328146868397,0.32062390984114086,0.43050678350097815,-55.234837860660804,0.6345824175503038,239571,0.1849933842110475,0.0
80.86701211842387,0.4392721461885132,0.8639691070650373,-37.92355492187493,0.2178925542549901,228532,0.4616575380485391,29.247401910996768
105.4402779977491,0.45933047195396737,0.9034893320858153,-26.26219104732541,0.9671266152591704,239081,0.41836779789189216,17.73368150604772
150.18714827047847,0.6680502539471016,0.9524196738570121,-10.651166181938343,0.3039464012407238,202389,0.4317485254967788,56.4503637851889
92.9302971275691,0.4356229947357444,0.31548648607029806,-41.29103201488442,0.4225484283119446,210948,0.3097818603703219,3.966015788094432
114.25473186538514,0.46872385496124797,0.39187141437767126,-58.8484633906166,0.06364090928664234,214110,0.07179757380851286,5.890106851607571
158.06816635700278,0.7155109649373059,0.90967838662226,-13.520788129129087,0.39701504123719167,217293,0.1443764796853068,52.83855540482877
129.83123806552,0.6876555767138246,0.7455011746805457,-55.72459633408448,0.10802575413069138,177076,0.37275284649118723,40.88607311535419
148.51918729506576,0.7249723292794243,0.7050727860006754,-11.043183661882964,0.9132869475762367,243783,0.22481350684516743,35.19007783765631
102.56276580570452,0.6569222754963122,0.8414311879806204,-59.440102810374405,0.3711724234376276,276310,0.4180087141932113,28.989521833730404
154.46058604828517,0.3434890067910747,0.8802183561178265,-16.01572223821951,0.3458774607378574,213232,0.14157792636717442,34.965446042293216
126.26241127969392,0.32711840176099793,0.5285229157707942,-20.43876466765304,0.14002409755331768,168990,0.15368774626086135,29.49396762194258
114.16862309010051,0.4582395476988407,0.6856001594263974,-18.599706550760054,0.6679199988036271,177990,0.07413406308263033,17.51224713279525
123.25080972880852,0.6034018521167692,0.3363798985560307,-38.80491548987615,0.5126677259564164,181433,0.23604460289602644,0.4164919921863894
109.41726424475468,0.7187844545030413,0.9605311441173192,-53.9372513393612,0.24189382825883898,293022,0.1299526934308701,35.19923937129625
133.80147648616307,0.7345240559118325,0.6165393197984046,-36.508458109330235,0.03095579091934353,211844,0.1531009290985491,45.43007621624236
147.93787283953424,0.7116072326425509,0.49128166889874647,-45.649193747044464,0.11258039041193701,282473,0.18216561858966054,28.40848617056838
120.85978420620526,0.3767058610408145,0.4818276486322283,-32.97774382450889,0.42748968792061515,256122,0.6180956773808411,15.386937548943974
143.3263234980679,0.8079275831285389,0.5213092734837254,-18.26291121019159,0.16002493646319405,224601,0.18524451884775012,41.73801439242964
127.26666084552086,0.8630983377282706,0.3550049480085145,-28.895518683287754,0.19609771273839294,258272,0.30026103340110094,37.660221482491494
145.0239653806002,0.34449489023242225,0.9076995780642536,-12.683102119655615,0.44044135031242404,187044,0.5777909648867636,33.42731309267469
147.59002487755635,0.7011805601931782,0.6117136785018658,-24.579138572473624,0.3063134987782127,257096,0.09822716273546049,36.207167298551816
82.98785509993715,0.6103608824117581,0.39290102783014225,-15.753973876710866,0.2806832155159743,274932,0.48750086492527506,16.118692188063655
131.39354225650524,0.3334814044645666,0.9113962666571624,-44.865538789598304,0.12055841640369025,234388,0.04809957440677268,38.625159659839525
90.16484101215079,0.21267712867458838,0.8604106893763579,-57.49962596385694,0.005505799160420821,185063,0.35007892645363886,17.753203026134052
148.67302014744095,0.4052034111827093,0.6016212665632641,-23.04087298438926,0.15445974722332378,165417,0.21967876575709086,37.344075149028136
119.32927000934659,0.20916611961183357,0.48037802195784957,-37.669978569749205,0.7511780478084181,218431,0.27258345728521266,0.0
154.37581218740584,0.6395302726436354,0.4566723303758361,-28.022532806919884,0.18422483923802613,206071,0.4539533740830817,28.747013442650793
91.00167553167947,0.8058549881257862,0.6788866050732771,-18.3029346658523,0.5126547531450529,176654,0.5760886635292372,30.536472766495876
105.83651783529967,0.8478979590347433,0.8612096581488542,-48.88826592795192,0.6170665161178013,188405,0.6269723443331451,28.729366672381495
129.45744506530087,0.8890815264924865,0.6421926061798441,-26.360394335029746,0.9840131632104643,195095,0.023573482712124814,16.83346083277868
102.47705516737842,0.5043791370226223,0.7868270446829035,-30.212330858682016,0.8635475225145451,228958,0.6503976640108239,16.036207494164028
135.65989511876938,0.7396385426220753,0.3841463387594259,-11.841401412257376,0.8770905810181889,289784,0.3096056638157947,20.62020278681892
87.29648824389523,0.8261865588258639,0.3291010013352745,-22.82463975240956,0.7562136139501768,197857,0.5704578099783774,12.420071367400745
119.4014155055091,0.5661457973383834,0.32179385801915794,-34.434996966577714,0.8522638743911815,231029,0.37488767041577076,7.134845793583066
86.27651050738127,0.7872286605121539,0.9263716592423692,-14.13764026669584,0.8742225246851758,289883,0.012686828732010812,30.149881280716706
87.22318160435266,0.2712477308342826,0.4125319272338157,-0.47051911060123786,0.47128716739816456,275737,0.5171062055085964,10.577932829044379
121.50324973946928,0.5728320865185161,0.8958448398341381,-36.041045051441515,0.07940658464302952,241218,0.40804823976298416,50.07521491752176
151.76882079620617,0.6068667549958287,0.9782144986999839,-51.890022650710634,0.86456360952267,166923,0.31804179614735856,28.475701323631736
125.6048936071492,0.8257248081356703,0.34494625595259387,-53.415828079349794,0.3169465877911193,202428,0.1122557842838202,19.865048157686427
126.15231077010873,0.6656380544873401,0.4491732928175583,-28.377512165300903,0.9028949951919872,274577,0.36050396179680616,2.7274697798195358
149.71684721501742,0.8446106803722693,0.7060603454864678,-19.83078268810859,0.15210428322227287,296721,0.6755107586181303,56.51688857258068
144.595212413125,0.32916471354946414,0.9221236559082839,-32.08766326297691,0.8036035354415352,204238,0.21903517594955374,27.28259085190751
130.0687932571389,0.6167695121240306,0.3280764339887377,-21.25135124068764,0.010131184027743378,261086,0.6980276477320653,37.390158086101124
101.21618941453804,0.6021311792259383,0.5938091218482856,-18.470319498352083,0.01240403627731479,226240,0.46495356949227773,39.71469723538951
120.42018979582858,0.32700480456285813,0.3256699988534801,-14.340554398314367,0.409628894895232,184681,0.1315442665707261,11.939446970799349
114.31952219000146,0.8274350729647839,0.4740999908113409,-48.71851592307503,0.025447759905750877,262492,0.1690504395949834,41.36086722087461
148.85844666050747,0.7232296566936296,0.5859172491494891,-27.850338931615127,0.165954895295785,230811,0.6613153811481557,34.17294899217257
82.87538190373937,0.8359153929335399,0.6623981503692979,-6.292935557607819,0.2768143077913058,240270,0.6719039618994186,35.25498499796446
156.0049573640644,0.3876445485760134,0.3783437335784095,-7.400954290307965,0.14055296757836078,199812,0.18484338928560312,36.38029603572217
140.44409108344388,0.45498890273365283,0.830766932992864,-11.978609530658304,0.9061432547657664,164743,0.6659962545918962,19.31841623311389
88.06224011019413,0.4613165213958271,0.9799765658291477,-10.932880208583299,0.6522916485919397,293369,0.5365605346728092,32.17430917573451
139.03175333566148,0.8438989314889322,0.5358270542397747,-28.1818720050505,0.9550605114849889,226221,0.3395662619856781,14.014657014837544
107.00921371229023,0.5724794396857209,0.4541282413648679,-12.273002352616246,0.5273996221226763,286643,0.47607831981288085,17.168225832667396
113.9377607397581,0.3227598950364147,0.9082334891351027,-24.10648235617567,0.5577088262500439,240453,0.5237287384341924,20.736758769700305
100.70239852800135,0.632689768320527,0.9201844237653309,-2.2243874857452113,0.860139693349435,216624,0.11009124572580074,34.817797560350115
89.40209974216839,0.2579590675475885,0.575705083957911,-52.89982854459676,0.9938483888996982,207649,0.015698122413438587,0.0
123.41568665265987,0.6129423807982431,0.816307611112224,-34.57570478107423,0.7862781993840331,169810,0.28316916990170876,15.744046204923759
87.51855518726953,0.44198719545274356,0.3068395931934286,-21.767911391503176,0.045648745502383736,225451,0.1639423596484339,14.880556817876261
106.01466576213977,0.36810193314473516,0.6271810578749089,-51.81361484659601,0.4978125080342902,173782,0.6862581186595295,2.954065851276661
153.18915121763587,0.7233265661233759,0.8396452912508363,-13.841706381519614,0.5828068350834896,211240,0.2480974641551384,47.63675141986001
145.37777601609727,0.6001288826289299,0.7815200056105693,-4.63456856919634,0.871204482263052,184773,0.3650143169168161,26.594651172109927
150.19776108216422,0.2728760073892017,0.48069340289078927,-14.33270777741052,0.43098522051329624,280722,0.5249844589164495,18.276414822190425
138.25730788894876,0.5995448132682384,0.3204730981241914,-33.16784756970986,0.7488263369633065,228356,0.16941545598661403,0.0
146.59541126403374,0.8529099383478091,0.9608415377806292,-2.6685782427039157,0.906437453344411,261431,0.5995760566235487,52.03794845980738
144.6717878493169,0.8613360109176995,0.7874021431146978,-52.686834399783145,0.3495063720868188,177810,0.35335691881316966,32.772488558331794
127.39316550896339,0.23946284765564899,0.5233703312702789,-11.818446130040194,0.2565300624442478,298683,0.3063629297037424,31.690951451175415
134.2051489473826,0.3213615167063284,0.7318488428630194,-37.162602391405194,0.6863271966860974,237697,0.04376840701999202,17.947465041929448
119.77988047139084,0.34801360489758126,0.7746113067913445,-28.74252136367747,0.7102427986233115,242122,0.1319784240244758,19.406122953171103
140.06968542331978,0.20910134645751524,0.7320014906228209,-38.676925878855634,0.6458223862864843,180099,0.15043884592547707,8.870473493855972
93.85614959280122,0.324625176808826,0.9077907537858663,-33.63570061833287,0.08018001408190345,200081,0.6776460684355312,27.338512288599958
125.46468826683773,0.32686314631596214,0.40574052424663015,-52.716903634654265,0.5406984766449103,252518,0.1123238299898585,0.0
119.50364770915127,0.5317731481840107,0.42356962240385576,-25.296784979615452,0.7928544190338394,188333,0.24256691756690274,8.777894241362594
142.01062586888918,0.796527050222978,0.6702559938190484,-23.90329079122013,0.484696287130047,288367,0.4374118697248992,27.14291232233884
155.23668674823313,0.5238758499687245,0.9080362175689276,-10.34772626598754,0.7945782787001903,219561,0.6669705119017542,28.47368557408635
126.74514495384801,0.7097321293425223,0.5272100809301892,-51.99120165504337,0.4626756050653935,162297,0.16021282373844928,14.426908628409443
145.15747860711485,0.21896719475243845,0.551463358579836,-42.14709292087076,0.4464195164015822,235744,0.43433164953637937,4.5521550454215784
154.93839909893876,0.8786293032927581,0.8327195317514196,-49.58852910080948,0.694150573509831,261715,0.5635632229469638,28.951906065717413
119.61415280890162,0.624322244115616,0.8535062153872743,-53.58738461431537,0.5612227882825249,161590,0.27758757739297424,21.100828770143405
157.95158461329333,0.8651661476745616,0.5658500461254609,-56.576716730924744,0.9807393435834294,170583,0.31833503978686273,3.337495532163273
143.1694514235643,0.5412018387746595,0.6550643660818747,-59.80690418374328,0.023352096328185912,289347,0.463378261355708,25.419528317029194
88.11772342928256,0.4256476914823061,0.7783067636245535,-21.55042111858763,0.28003732955048943,212507,0.5773202661429053,38.82845436816732
110.04663621119552,0.37625934123486693,0.6917540784408398,-32.31135212251595,0.47249335500651357,173989,0.273723008389179,22.30475736090149
93.5594197348874,0.2974904508643711,0.7798957010602798,-1.4475747053967751,0.8789789002822673,152204,0.6011349955446305,22.428971802056036
156.0485717550045,0.6369042354943938,0.4888247280618927,-0.21993974236516323,0.4855896996593978,258946,0.6573479356152041,30.692036168035386
92.48149123539493,0.6793118207877155,0.8645928035030148,-37.188262872848576,0.271949726128631,275438,0.5102867431590715,42.69446201906887
154.89238193286246,0.6340509291499594,0.44036730869023566,-2.4254013407379986,0.5174463517550413,237265,0.3074474208748021,31.165296215658
110.10076684247326,0.8117230542937606,0.9612299536318163,-40.30843478344131,0.05764758219902488,262230,0.0470791397771575,49.55248930558584
82.51433485493874,0.3182545441505152,0.34048987359437743,-48.487960516875425,0.9150900684070432,175235,0.1879736292473251,0.0
157.84084438019565,0.29784066363840267,0.578316078573956,-29.43467231101262,0.3012652607600004,205243,0.5698879799138132,19.299479875689336
89.36536131420847,0.38052137980324163,0.9075428061640154,-56.1087843310219,0.8884036723086812,241502,0.3026423584823431,4.588402648545882
97.94154475684479,0.48828863990308796,0.8563666841249504,-32.411974573840794,0.962810357074026,289088,0.34376701056821557,20.980889198472912
81.32702631422849,0.8277357972384976,0.9868303246191963,-7.32154077329583,0.06964114816240574,256239,0.3212583616177742,64.32916872978385
82.03353013952761,0.33460231316606953,0.8457091314967273,-54.86050502421417,0.7979141596158941,270263,0.14373305709475986,4.656188235795867
145.80804485277267,0.5541220752191262,0.6972785937830906,-29.26668475123953,0.20699257843842678,155939,0.4915022673272806,32.28696190592997
98.97992699974401,0.850670400973478,0.45453872895213226,-0.308020969813974,0.3047510953861333,174472,0.07377525267546364,39.12608056640593
101.70792254191167,0.3490749130562375,0.9888584284395066,-45.78776646153108,0.5125026487703317,272115,0.2470709524166496,19.300084581217796
121.60544169422487,0.6701012369149597,0.3170805470895766,-26.986407470624293,0.7078350972297687,192727,0.6099898239335979,6.123794986344612
85.20412743882235,0.8976457859517337,0.4610061861013921,-17.030959546608386,0.4639324866883362,199847,0.3825012212544931,28.817673937033454
136.19872671896874,0.8137359457332245,0.6359571843019864,-31.438912237874007,0.7026337730855163,199429,0.5126807343408654,36.29911526500936
128.93765969874818,0.4428672413273594,0.8527889549997354,-1.8906733443369745,0.0015651051914729042,155451,0.554090741813959,57.994782476281785
131.36253169234303,0.57281260278611,0.8307842371503158,-2.0506703308068026,0.9768003285106593,204336,0.49382258119844036,25.195739781536385
158.88008510582966,0.2958199410481651,0.7848381665583151,-33.58806012267057,0.25933489731709447,153832,0.17430611527636292,29.86741432603263
121.13875507308893,0.39138495035149434,0.8911845789745492,-41.56260210442281,0.9812970904972467,201151,0.6791799768082399,7.248734456231381
84.60470080133155,0.4976494531284634,0.9906410860711927,-12.348160123374946,0.2892447719726545,170700,0.5325959316515472,40.84841517077902
143.58490428333187,0.31498605855169504,0.9258694425753939,-41.6247827528033,0.7431931987316034,201374,0.21686481272572827,20.536723277260748
129.2005781359336,0.3061724158129258,0.4882953831045683,-32.73735992640235,0.7738796557301564,253547,0.12547727901749653,5.6982550701724115
102.92330017026275,0.5234040625508929,0.32324217615395656,-56.000877566358604,0.48204105811208253,292105,0.2910425724663253,0.012930445150316147
130.68237686087159,0.6240423735498211,0.5345831979813993,-4.836481607134957,0.3523749466096544,155842,0.13948923552676057,21.65386835429382
123.96231058589885,0.2157285158240822,0.9755830875052318,-54.42056161061207,0.9000831830164807,243330,0.13140568398457644,3.8822429517155337
109.09036819034353,0.38847026166456666,0.6364106041286536,-0.4509898704974873,0.18741194409758222,270779,0.3151779723000232,33.924030412681546
146.29900073215435,0.29546003291073886,0.8377913897051628,-13.168469085368294,0.8064036172328395,158605,0.43490471433472705,18.327007731532106
105.85623456166041,0.5131886567764182,0.3532916016432101,-45.921475088672786,0.8902580530178021,263550,0.010776424183915933,0.0
80.55617044249526,0.22567824202341855,0.5608819619086198,-54.199413021196825,0.881927758304644,205103,0.5155746598343548,0.0
85.9037251788319,0.6165545514901783,0.8654921593588809,-44.44219446805357,0.1306523438234629,260138,0.6051032728078548,34.86455897662028
128.0892009394567,0.8648599393043468,0.4747676062014301,-23.525694432393323,0.06536615756438524,158016,0.1366684220695444,48.610225070266935
124.34832420091206,0.44244219605617285,0.4274825409820895,-57.482926594101826,0.8211982825502265,239080,0.23353987708580595,0.0
126.66950120777277,0.4725069298293836,0.7604917132221252,-36.97002288401736,0.5693773611822828,180106,0.3963264838575496,27.778300553352164
102.47476077499046,0.44541129116461786,0.5949499015939491,-10.6431408891793,0.05195657755426841,282453,0.5128893354131963,32.044169382725656
84.13453769348861,0.695067044019379,0.32211030137794944,-2.6099161020311925,0.8025856795798129,234565,0.423946522526388,9.870423911925652
94.54599737656805,0.23165306907433258,0.7939026207609818,-48.25332085898724,0.5324206822752171,190510,0.508939733130773,8.337373412608038
133.7708437924703,0.3986431340591071,0.4110235737051516,-26.77186555725742,0.1419719897609939,261022,0.412617792639288,22.9756745068618
89.76305878758231,0.8678357190811057,0.677643904662736,-17.45722429665404,0.8506160578411378,276439,0.38689495300298166,29.955764821179127
102.548381981872,0.35538051335306464,0.7150655960044492,-26.098680428459033,0.7983803405183525,178482,0.519577231039361,14.702234896173414
97.8876670815562,0.5964832482078279,0.9095274152360813,-39.92932267548407,0.47554603748682667,288286,0.5350473705054991,28.093748082834214
146.11659728861935,0.6081290926787846,0.8154814105459482,-57.881318703585656,0.3112174950633936,241328,0.05388016856661185,34.793983695433454
106.03197585274143,0.7814335854514103,0.3576667319310899,-56.533166340218,0.8293946648588469,204131,0.535108509652853,0.0
143.66341355488808,0.6488033430197081,0.6492217074159492,-9.547705234444642,0.07093221613377343,224218,0.4254268781669568,42.67233759418268
86.72854448919979,0.32017550009381246,0.397755878329419,-19.41192376641827,0.961135485407593,165523,0.17037767825297132,0.0
91.43933456422687,0.2975492518509769,0.6183178989437013,-25.200972754312126,0.6029428764794615,263943,0.021804364955373745,0.0
136.2926287504019,0.4536757293816432,0.7761597697019038,-39.703949640330094,0.3690530217609166,153642,0.14243091974831706,26.178153275965133
102.46178899526846,0.4747115751958448,0.9050507748877459,-33.01292107072065,0.8923024981396522,298980,0.5799889185342569,21.852014239069785
133.08014152864445,0.7669121120982443,0.6121318944637237,-47.03770904942402,0.8583416767991209,207134,0.20466817728853517,18.28456887488834
132.15690076020803,0.5301033319851108,0.4145366748341684,-13.154304835893612,0.0180065556004545,186609,0.03932325414320731,40.00302599572115
121.77946080438434,0.8104867362609061,0.44010517097136703,-54.912479037251806,0.0076640326492253275,197118,0.28837066652387133,15.39331324522298
117.4928513595301,0.23287617674253855,0.7735593700440725,-34.72511680235568,0.6262343214210638,210142,0.02824557880178979,17.34680728547005
110.80781828815402,0.8578824865294326,0.637065646058785,-47.08788767896575,0.9096268194365924,161308,0.6011717398177082,22.09034323555648
156.0329187261247,0.37248142326737477,0.5719906708892419,-33.78895784308923,0.5887315221313199,182920,0.23933369467384322,19.60199520341813
83.63571042731662,0.6818816774994152,0.5773208841264788,-16.323641581574087,0.4834074359731466,218368,0.6497274686797659,30.08643625060629
130.9943921198565,0.6247005324679991,0.6789074347107493,-42.207865122740685,0.29348882320812164,193309,0.0999893753700323,28.767959046705226
120.25090068640702,0.24695353417189925,0.906922047285714,-42.84559264565039,0.6360960464095422,251971,0.3913414994626215,16.89136008678382
103.48734754115947,0.7748801132704091,0.5041638050965123,-36.33142328579788,0.5123637775457907,258048,0.11295396073876858,24.845348866590786
86.73119719960391,0.23627647577569885,0.317210841521161,-34.05012730019208,0.11072059332631567,224083,0.2993209335923361,8.70822197240165
130.58446644748636,0.8905606741550858,0.3902089072314116,-29.059234338210132,0.6209285674784312,255426,0.06397404043224349,24.140999924560504
152.74563216630258,0.6701904790840997,0.7381239635059063,-44.606232977918175,0.11476887186921747,293938,0.6057070312362387,41.93864934798499
139.71931240944193,0.8755188374665588,0.7763495114522991,-18.297886268486806,0.28152119841492995,162828,0.28676973736319483,48.110867015281684
152.20423253436533,0.2185725427116738,0.4173334514018223,-59.686223187425234,0.071711888847651,159256,0.35494175271710277,7.1516588139292185
87.44822142447194,0.42657546548297054,0.34714542102814017,-49.50968236437525,0.260286857566003,235896,0.4091142368301982,2.136408900144019
101.66658010096594,0.2792666320885287,0.8703775796225586,-54.09626101719616,0.3452231428016921,227227,0.35546354477114533,16.08992232856079
87.77411950166149,0.7520180478571714,0.7073799813400792,-27.12243066157842,0.43459596085871177,183870,0.4715517922324354,38.26694265125632
99.94337833191,0.522545137622908,0.4217266744536411,-28.85641254550378,0.31676167706752667,257507,0.05388562694547639,19.090779577159324
151.5861880342119,0.5926565800747704,0.8591482650415658,-6.947612199095531,0.9456981470002823,256752,0.5829812637517897,26.593665827396368
144.54677914138114,0.3702205336996178,0.6176526789685475,-0.4914029190381939,0.6884050184921369,203521,0.40516472815835836,20.58942721377929
156.0571445127933,0.5752674564408843,0.6793306631648507,-31.249087342216143,0.24697879907199982,172190,0.32320130066918334,42.151405841271846
158.93116628009403,0.5879246017610553,0.36573050105259286,-39.94570087823635,0.541704812410004,287686,0.22770343285322342,8.022258978980505
116.36328518142186,0.27461877719364025,0.6811423685725946,-32.50878679572644,0.9440420938253978,202874,0.49517790002304934,0.0
94.78835644204216,0.7406228742149474,0.314888587595271,-22.010917464358656,0.08172534574677826,158068,0.5576769780339605,24.428492524492995
140.18996235501442,0.2980792230365168,0.9537125122695334,-35.24268954908258,0.3879867599468695,283251,0.41671228614924233,19.745885315127943
149.04827407004748,0.5213950293667828,0.8504415100908864,-46.083174233041476,0.027167421225559818,218487,0.5256578588543227,41.91965852813756
80.73576412933038,0.8929721626729616,0.8392851924654552,-53.66011894429536,0.9180765521991506,291365,0.04480444262603464,20.827098658873027
157.25056264596475,0.7382911906263574,0.3538672411404464,-35.18705390847891,0.6085272726964666,206622,0.03616810516057277,16.941033773732173
121.46637218909893,0.7207624048008738,0.6186541043572609,-30.70553177869331,0.4433800143791877,248934,0.08228591010515397,25.21244586227217
151.016334620664,0.5791439502626068,0.9662682497962671,-31.141626606832574,0.9559188289553192,213353,0.4892641799411699,19.475930306301397
156.89524510591315,0.3086681721514988,0.8010774752774619,-57.4095758521793,0.12300329512374564,155722,0.5631462497022756,15.71123228828637
137.0595829778396,0.6486123213622502,0.7547526542946579,-0.5246403778686997,0.9644766539008116,261668,0.2825207016531138,26.086702666933093
87.82673285208011,0.6425850015436713,0.3214567515440642,-46.523063289368885,0.4189477901874754,164122,0.614145317192987,4.813840834703001
151.29144909584568,0.3504582650135297,0.5828982251557231,-28.915274025671074,0.7221432354559059,168375,0.4336683400254123,0.4142789165584193
155.15991532513513,0.5863347871421398,0.9573473889590274,-10.848668434392586,0.16577454016327575,161390,0.40022218820062405,52.5350951873701
129.2680078441773,0.4902368866089166,0.5978453341136527,-45.5584372900497,0.668572646722914,289271,0.05187379580240695,11.289484462942518
150.18984575423644,0.22347270431504557,0.30813437793567044,-50.99708011836094,0.607089578718754,292980,0.11569914310007019,0.0
156.314286160207,0.41096451191489947,0.8436177969542191,-15.983137166315878,0.03467026672648332,201955,0.22871977942102856,43.04908261915582
96.9871288542621,0.8062447226502858,0.3275987679579541,-58.9060450394183,0.13924537111759516,230018,0.49081890311318177,14.431329466591764
135.67793648749586,0.5631866399882505,0.7505043866375674,-1.9283979092981696,0.13148911989798162,204110,0.39247480645726496,49.69811761827639
150.97701940610614,0.2896320872704407,0.9938180382958834,-34.30802310446312,0.8221031606002255,279936,0.1255552774085473,20.567039377316757
94.19516350237782,0.3667279467327086,0.39161156250284485,-45.19926812870262,0.601074166800233,169149,0.45789291591951153,0.0
153.0592442045177,0.4781011033922571,0.32773317774384997,-2.6799188097643025,0.6522242595454725,196473,0.6235988744882027,13.827937138171755
105.66240519773886,0.3721704098691557,0.8824939245704193,-47.48936913855985,0.6341421382957368,167508,0.17386338225886014,15.420289772166113
113.5680049942232,0.7162508736768238,0.7610954428506133,-12.077148500725528,0.636401370183407,237178,0.3159058791204784,27.473689082302766
102.1904946384906,0.3905015960609739,0.459088739084206,-23.38649103134152,0.7617981913776972,283682,0.686782535507555,6.060257917015991
155.43277631300154,0.2750204079378432,0.7782811345617171,-4.369330831232844,0.7193536223691586,297281,0.28570618360668865,21.041228486909425
121.30402786409562,0.8540569103383104,0.7998608524926993,-20.317763335775133,0.08709276679577149,246258,0.2743015612316182,51.89173109678592
130.351891050821,0.4339707235718726,0.8724839513225151,-48.83391492922336,0.27576756825135695,228077,0.5297111169479976,29.977367954382228
100.01943185316762,0.43463806915213066,0.34224645879339466,-37.08362162082625,0.41102107526554577,162867,0.006985143660914561,9.038314538751827
109.61269602043555,0.5519042730647354,0.8913482596818214,-59.338124134281166,0.9954375161913099,287227,0.3539439073953712,6.355360344499776
127.83199830488681,0.8136575218608415,0.9985538773733362,-46.31521368306405,0.8499753714806619,244754,0.6342609423368823,26.951511465211595
123.6493431452748,0.5085339228567597,0.7420921540647644,-27.298384866183703,0.486000493797603,213227,0.4631790018798995,28.22241126531199
157.5667702211647,0.5641144507783953,0.9122911708789396,-2.9157994676005785,0.45830064152865646,266923,0.17532752915474928,46.781542634253036
80.90829158139353,0.5632423936979862,0.7826687257220928,-21.446088027888507,0.4440437492022029,195475,0.16904753967980748,36.822105172289
131.61382323275598,0.487277778892763,0.7438039921697279,-12.598173821576317,0.2271795570235149,204120,0.4710101680186558,28.805963483468823
155.77988619070868,0.20769708006093635,0.4240048526131701,-28.963856613503438,0.30233324935149375,199976,0.5914099434286603,12.03595077401892
99.34818327203614,0.3309306239902664,0.7957204620516971,-14.111411945820272,0.6649849034759953,207505,0.6445366259243501,21.88223253148454
126.69248894806977,0.84211950282357,0.73364324220673,-2.6031227349925246,0.5772790292331312,245102,0.4152107533276277,38.588945806857986
124.416064927957,0.39598536556219893,0.3474859413736203,-30.776284870863847,0.7660647765353026,226396,0.047921103533504636,6.360438326773073
127.27143545505935,0.39956661808569294,0.500926693222439,-10.953017490528502,0.325104015431699,217055,0.17329183919592048,15.055113099266816
83.61818311284304,0.7285960789715333,0.6359129342127361,-9.608321827996782,0.6509734671509542,171281,0.3842010655541491,32.240138267905785
123.73682234746238,0.5642153906326552,0.9090692117306509,-57.39524802871085,0.5435382173426461,228471,0.47089209594622855,22.201128087606246
111.88037875178988,0.3040639094271791,0.8198945648399867,-3.4154497353175444,0.941725711618925,299865,0.45382260521646683,26.025521286881986
137.79616922092043,0.8140403785691757,0.5579684406066328,-6.803747085571999,0.5932215701073843,180431,0.2476524111155052,32.866608267563656
148.09093372134856,0.6393956371499925,0.3821157322736761,-59.272753521366404,0.6692002629380784,240306,0.4738585480977861,6.076110238151297
91.15950885216334,0.46662359964171507,0.5081443051607855,-3.9338383916691413,0.5601681834618419,249441,0.5141107524529139,22.12576834152607
157.011873174234,0.8445893178321606,0.8721084389737455,-58.743302338145234,0.7022587660316643,197153,0.0483321344202198,31.379097238884977
89.50543330144575,0.7166235314984593,0.76121982916286,-12.860902915186081,0.40177880065432425,201001,0.09105646888026286,43.35668742005183
109.42265061754026,0.44926770812849237,0.8780717253953338,-23.96433999836296,0.6511475848816741,166211,0.4998369063646887,22.383764622917194
143.863614317342,0.36047597666284903,0.46943151110376924,-18.71191763480747,0.7435939161765598,268452,0.07374183913693322,11.340065165843992
109.65137176535127,0.7808192625950412,0.6106251535131998,-17.539143915545054,0.8336499619375856,298036,0.6973103714491451,11.60121869940011
151.77726063626613,0.49780550703149173,0.7075193221233913,-29.846035412193455,0.9071950307058299,168135,0.37683236027899936,17.461934941964092
144.27847443078787,0.3249812634380335,0.5276330449572864,-32.306551534812606,0.5821987465941139,153696,0.5311007248147445,11.84379937573374
108.81525131290104,0.6280179648042534,0.782625478396086,-19.1863332474988,0.5165726284459791,263000,0.12018573539381469,39.64485359594256
125.87503104986288,0.4865881565338683,0.3399607992625204,-37.901428169589096,0.027536719869465487,216668,0.44546199707336204,22.59105578805637
114.70813193903784,0.8727492222286186,0.8090183488364155,-23.223625050328472,0.3547712918359842,289783,0.046595309539956,48.70311127031243
135.68238373399782,0.5734227643834251,0.6441161827190058,-30.728757364418254,0.4304274103209902,181131,0.42738272851079717,27.153876318574987
143.61489558149628,0.5155875599828925,0.5376151347799643,-49.55343987995494,0.11383839347660141,193527,0.1430214683792792,12.858453957951168
102.29171713892892,0.54890953925034,0.9071059406718616,-17.47531813542141,0.8282492524372184,293252,0.5238690447733619,28.14476080120132
113.39288025190231,0.6993447101191868,0.8063940795820095,-14.630200266285236,0.16223340578247936,169008,0.1418428438947402,44.345895722244116
99.1649512533578,0.5759745792729835,0.8859093298545704,-41.812298643280286,0.1737615931357438,165372,0.3038146808961312,35.32097729277479
126.03793423007032,0.24599604759984667,0.7146452300153535,-16.290559370303207,0.14213712379345766,169710,0.45971063930512557,32.55200750013208
88.63131415946435,0.2286080313865352,0.545087681416711,-6.348547520152906,0.3959704726624549,282661,0.338127788291223,22.74105956110523
87.55543686047427,0.650799680267311,0.8980695653587054,-29.64883842289026,0.6924928266692253,173816,0.5473719840105714,23.204982162105328
131.00459770841707,0.29021580533745445,0.41692376226445266,-35.740873913742476,0.656780104724294,217904,0.3630906960664165,0.0
84.50426205454698,0.3163983581292556,0.450972606678402,-21.82935811750604,0.4888978317924514,243526,0.28783406259621014,14.321923976973174
108.47781429210093,0.3572233760579874,0.6887544856563419,-1.201780238468963,0.25760722033372185,188870,0.598481813693032,32.48278153057129
136.97433770780287,0.44420778658009674,0.785577558047042,-56.51017226967145,0.7266709920703233,181881,0.6489774402008991,6.408587843171436
102.85696690254886,0.7033321336289717,0.9840219289549221,-48.93142481198164,0.3951377432643186,280429,0.16241272621616748,42.37750008268157
151.68730399387945,0.3465445263356972,0.9689560487608273,-56.39145944395289,0.5052067735766382,208608,0.18976737763484602,17.893943240324127
158.89685955836825,0.512204041070569,0.9043335547002775,-43.06877551840799,0.40758420857381694,235774,0.4723504115171873,36.31245606827718
128.94823157779035,0.6158915007464946,0.7881941870727879,-56.38395658262635,0.9633944342135504,201919,0.5503439565827406,7.8331453186065865
122.37204626848052,0.7386450532343558,0.5106744968627713,-23.62482373494135,0.7884473432532987,257692,0.2597790569010895,14.73065210115559
95.89725452273379,0.7485571089188001,0.46352542573493694,-49.9191475353082,0.5193858595039373,230807,0.2327193100040984,8.972928980154437
112.83063384285038,0.3444336028840548,0.5773694132318611,-55.94324618446711,0.857179256998753,289316,0.05290852969784688,0.6092765296571427
144.74889243828108,0.27744221586864504,0.7864873202885798,-32.4331938956408,0.10422480280834767,288731,0.05848803625748282,34.95950047399573
109.9690091701177,0.5515365072318699,0.9913546946152405,-6.784505987443829,0.5936607912085384,160211,0.30343056292894405,35.138215045249105
136.0775305167296,0.3906151285635583,0.32098151291087457,-11.700660019153815,0.38948189490242036,212433,0.3901360187011056,16.07424544283944
105.14847848610614,0.32390733899372276,0.9186501194743979,-46.40061586638072,0.157954822835348,293217,0.45972924443218993,30.26881973860026
